{
  "categories": [
    {
      "id": 0,
      "title": "ビジネス書（input）",
      "tool": ""
    },
    {
      "id": 1,
      "title": "ブログビジネス",
      "tool": "note"
    },
    {
      "id": 2,
      "title": "Webコーディング",
      "tool": "ランサーズ\nクラウドワークス\nココナラ"
    },
    {
      "id": 3,
      "title": "執筆",
      "tool": "ブログ\nYouTube"
    },
    {
      "id": 4,
      "title": "スモールビジネス",
      "tool": "世の中の苦しみの除去"
    },
    {
      "id": 5,
      "title": "3Dサイト販売",
      "tool": "three.js\nライノセラス \ngrasshoper"
    },
    {
      "id": 6,
      "title": "発明",
      "tool": ""
    },
    {
      "id": 7,
      "title": "ゲーム開発",
      "tool": "Unity"
    },
    {
      "id": 8,
      "title": "アプリ販売",
      "tool": ""
    },
    {
      "id": 9,
      "title": "商材販売",
      "tool": "情報の整理術"
    },
    {
      "id": 10,
      "title": "コーチング",
      "tool": ""
    },
    {
      "id": 11,
      "title": "プロダクトデザイン",
      "tool": ""
    },
    {
      "id": 12,
      "title": "自然暮らし",
      "tool": ""
    },
    {
      "id": 13,
      "title": "不安障害",
      "tool": ""
    }
  ],
  "items": [
    {
      "active": false,
      "cat": 0,
      "date": "2022-08-06",
      "done": true,
      "evaluation": "◎",
      "id": 0,
      "title": "レバレッジ・リーディング"
    },
    {
      "active": false,
      "cat": 1,
      "date": "2022-08-09",
      "done": false,
      "evaluation": "○",
      "id": 1,
      "title": "ブログを書く"
    },
    {
      "cat": 2,
      "date": "2022-08-11",
      "done": false,
      "evaluation": "",
      "id": 2,
      "title": "【本】HTML"
    },
    {
      "active": false,
      "cat": 2,
      "date": "2022-08-13",
      "done": false,
      "evaluation": "◎",
      "id": 3,
      "title": "コーディング初受注"
    },
    {
      "active": false,
      "cat": 3,
      "date": "2022-08-14",
      "done": false,
      "evaluation": " ",
      "id": 4,
      "title": "記事を書く（note）"
    },
    {
      "active": false,
      "cat": 1,
      "date": "",
      "done": false,
      "evaluation": "○",
      "id": 5,
      "title": "リスト取り"
    },
    {
      "active": false,
      "cat": 5,
      "date": "",
      "done": false,
      "evaluation": "○",
      "id": 6,
      "title": "サイト企画（コンセプト、動画を探す）"
    },
    {
      "active": false,
      "cat": 2,
      "date": "",
      "done": false,
      "evaluation": " ",
      "id": 7,
      "title": "コーディング5件受注"
    },
    {
      "active": false,
      "cat": 2,
      "date": "",
      "done": false,
      "evaluation": " ",
      "id": 8,
      "title": "コーディング10件受注"
    },
    {
      "cat": 1,
      "date": "",
      "done": false,
      "evaluation": "",
      "id": 9,
      "title": "無料プレゼント作成"
    },
    {
      "cat": 1,
      "date": "",
      "done": false,
      "evaluation": "",
      "id": 10,
      "title": "　"
    },
    {
      "cat": 5,
      "date": "",
      "done": false,
      "evaluation": "",
      "id": 11,
      "title": "【本】three.js"
    },
    {
      "cat": 7,
      "date": "",
      "done": false,
      "evaluation": "",
      "id": 12,
      "title": "【本】シェーダー"
    },
    {
      "cat": 1,
      "date": "",
      "done": false,
      "evaluation": "",
      "id": 13,
      "title": "ASP案件"
    },
    {
      "cat": 10,
      "date": "",
      "done": false,
      "evaluation": "",
      "id": 14,
      "title": "人を変容させる力"
    },
    {
      "cat": 2,
      "date": "",
      "done": false,
      "evaluation": "",
      "id": 15,
      "title": "フリーランスとして活動"
    }
  ]
}